accuracy,precison,recall,f1-score
0.853125,0.8526055381068706,0.853125,0.8525849263283987
