accuracy,precison,recall,f1-score
0.8625,0.8633982778461171,0.8625,0.8624061815079131
