accuracy,precison,recall,f1-score
0.80625,0.8132960877449289,0.8062499999999999,0.8052227519162876
