accuracy,precison,recall,f1-score
0.859375,0.8629310601548541,0.859375,0.8593987038426273
