accuracy,precison,recall,f1-score
0.81875,0.8226285789759922,0.81875,0.8186172102469923
