accuracy,precison,recall,f1-score
0.84,0.8409886726198897,0.8400000000000001,0.8400081162611664
