accuracy,precison,recall,f1-score
0.853125,0.8534091805736378,0.8531249999999999,0.8522177231856605
