accuracy,precison,recall,f1-score
0.853125,0.8531315882326996,0.8531249999999999,0.852742653905879
