accuracy,precison,recall,f1-score
0.85,0.8530659254725961,0.85,0.8502461262052258
