accuracy,precison,recall,f1-score
0.871875,0.8756447669022632,0.871875,0.8720613997900417
