accuracy,precison,recall,f1-score
0.884375,0.8843890156737824,0.884375,0.8841899512189367
