accuracy,precison,recall,f1-score
0.8625,0.8625606910757861,0.8625,0.8624439680047089
