accuracy,precison,recall,f1-score
0.81875,0.8265083162451584,0.81875,0.818864862867428
