accuracy,precison,recall,f1-score
0.79375,0.7993764662303988,0.79375,0.7934163811896606
