accuracy,precison,recall,f1-score
0.859375,0.867132993138442,0.859375,0.8606489883713115
