accuracy,precison,recall,f1-score
0.85625,0.8573232624395415,0.8562500000000001,0.8562286173370416
