accuracy,precison,recall,f1-score
0.865625,0.8680907774319785,0.8656250000000001,0.8653599444022304
