accuracy,precison,recall,f1-score
0.83875,0.8407866096007639,0.8387500000000001,0.8391230094721878
