accuracy,precison,recall,f1-score
0.853125,0.8539380540731267,0.8531249999999999,0.8531490663354595
