accuracy,precison,recall,f1-score
0.875,0.8761697399353512,0.875,0.8752478893482176
