accuracy,precison,recall,f1-score
0.884375,0.888116909203197,0.8843749999999999,0.8850569602434718
