accuracy,precison,recall,f1-score
0.85625,0.8624397729177142,0.85625,0.8570552930750299
