accuracy,precison,recall,f1-score
0.86875,0.8723130460219661,0.8687499999999999,0.8687583042267264
