accuracy,precison,recall,f1-score
0.8675,0.8688060018887495,0.8675,0.8677894977824694
