accuracy,precison,recall,f1-score
0.859375,0.8599670929128294,0.859375,0.8591260669999043
