accuracy,precison,recall,f1-score
0.86875,0.8718185617443608,0.86875,0.8693149292371507
