accuracy,precison,recall,f1-score
0.85,0.8517571017926894,0.8500000000000001,0.8502286768740116
