accuracy,precison,recall,f1-score
0.8625,0.8662744185419027,0.8625,0.8619026831621648
