accuracy,precison,recall,f1-score
0.8875,0.8894753464843166,0.8875,0.8877269869527961
