accuracy,precison,recall,f1-score
0.865625,0.8659180624150806,0.865625,0.8655633008097876
