accuracy,precison,recall,f1-score
0.81875,0.8186306479479171,0.81875,0.8185449814947638
