accuracy,precison,recall,f1-score
0.90625,0.9085699517437338,0.90625,0.9056226312528552
