accuracy,precison,recall,f1-score
0.8375,0.8408799533799534,0.8375,0.8354963715443984
