accuracy,precison,recall,f1-score
0.828125,0.8295664073753961,0.8281249999999999,0.8279644390537376
