accuracy,precison,recall,f1-score
0.565625,0.6383220025535388,0.5656249999999999,0.5392232380163414
