accuracy,precison,recall,f1-score
0.59375,0.6883904096488563,0.59375,0.5468894681450067
