accuracy,precison,recall,f1-score
0.565625,0.6571119682094436,0.565625,0.5425287242106203
