accuracy,precison,recall,f1-score
0.534375,0.5744333352069926,0.5343749999999999,0.48205141720321987
