accuracy,precison,recall,f1-score
0.58125,0.6252243745559253,0.58125,0.553022222020197
