accuracy,precison,recall,f1-score
0.568125,0.6361456337891951,0.568125,0.5341532235819453
