accuracy,precison,recall,f1-score
0.828125,0.8358833010960671,0.828125,0.8283128802770109
