accuracy,precison,recall,f1-score
0.8625,0.8647792177050664,0.8625,0.862025418478584
