accuracy,precison,recall,f1-score
0.840625,0.8424928937218263,0.840625,0.8405848025688178
