accuracy,precison,recall,f1-score
0.865625,0.8672694934978412,0.865625,0.8657427002953382
