accuracy,precison,recall,f1-score
0.825,0.8300545474986258,0.8250000000000001,0.8262004030154515
