accuracy,precison,recall,f1-score
0.844375,0.8454935993725409,0.844375,0.8446298208828718
