accuracy,precison,recall,f1-score
0.846875,0.8492169927950639,0.846875,0.8474143928809889
