accuracy,precison,recall,f1-score
0.821875,0.8278277633016473,0.8218749999999999,0.8215976806997474
