accuracy,precison,recall,f1-score
0.85,0.8536049316537121,0.85,0.850106358530285
