accuracy,precison,recall,f1-score
0.86875,0.8773625413963616,0.8687499999999999,0.8695521755732869
