accuracy,precison,recall,f1-score
0.8375,0.838459770971508,0.8374999999999999,0.836982606488481
