accuracy,precison,recall,f1-score
0.845,0.8472691195735593,0.845,0.8449385285641666
