accuracy,precison,recall,f1-score
0.825,0.8272260072377823,0.825,0.8257397767362771
