accuracy,precison,recall,f1-score
0.8625,0.8663888888888889,0.8625,0.8632590132827325
