accuracy,precison,recall,f1-score
0.865625,0.8668165284446384,0.865625,0.8655906689360172
