accuracy,precison,recall,f1-score
0.8625,0.863044730039926,0.8625,0.8626565611350352
