accuracy,precison,recall,f1-score
0.853125,0.8536791241697651,0.853125,0.8527346702706369
