accuracy,precison,recall,f1-score
0.853125,0.8535230352303523,0.853125,0.8530329902466415
