accuracy,precison,recall,f1-score
0.840625,0.8417728105228105,0.840625,0.8405322924945193
