accuracy,precison,recall,f1-score
0.884375,0.8882501769791096,0.884375,0.8853041755525219
