accuracy,precison,recall,f1-score
0.85875,0.8594582009928281,0.85875,0.8589355417326869
