accuracy,precison,recall,f1-score
0.8875,0.8894570707070708,0.8875,0.887359022556391
