accuracy,precison,recall,f1-score
0.81875,0.8215705764426853,0.81875,0.8191026181677917
