accuracy,precison,recall,f1-score
0.878125,0.8783222949889616,0.878125,0.8779706526279744
