accuracy,precison,recall,f1-score
0.871875,0.8739561011428127,0.871875,0.8721051308901088
