accuracy,precison,recall,f1-score
0.815625,0.8209665486564997,0.815625,0.8150256549011808
