accuracy,precison,recall,f1-score
0.854375,0.8551521734843837,0.8543750000000001,0.8543918556812673
