accuracy,precison,recall,f1-score
0.840625,0.8477094033960617,0.840625,0.8402908847030804
