accuracy,precison,recall,f1-score
0.846875,0.8506395863101313,0.846875,0.8453790103089549
