accuracy,precison,recall,f1-score
0.871875,0.8764155845893756,0.871875,0.8725363393172848
