accuracy,precison,recall,f1-score
0.865625,0.8663203119085473,0.8656250000000001,0.8652380683373382
