accuracy,precison,recall,f1-score
0.8625,0.865766046541363,0.8625,0.8630460225625591
