accuracy,precison,recall,f1-score
0.8575,0.8573762269463976,0.8575,0.8570326787595046
