accuracy,precison,recall,f1-score
0.20990362246593552,0.03955060232380491,0.042166282395876366,0.02651148890791897
