accuracy,precison,recall,f1-score
0.21628447989365238,0.044726595285247674,0.04545148302345328,0.02998731182598393
