accuracy,precison,recall,f1-score
0.2101169901621909,0.034071554210878444,0.04108858516958625,0.025131765293970466
