accuracy,precison,recall,f1-score
0.846875,0.8489439628874463,0.8468749999999999,0.8470665468960055
