accuracy,precison,recall,f1-score
0.8375,0.8417996400316987,0.8375,0.8376534060412648
