accuracy,precison,recall,f1-score
0.8625,0.8647170811644496,0.8624999999999999,0.8623142654460485
