accuracy,precison,recall,f1-score
0.84375,0.8437123726458784,0.84375,0.8436823025856046
