accuracy,precison,recall,f1-score
0.875,0.8777650885935769,0.875,0.8749596556959545
