accuracy,precison,recall,f1-score
0.853125,0.8534901542483245,0.853125,0.8532086783005729
