accuracy,precison,recall,f1-score
0.85625,0.8602298805612059,0.85625,0.8570228495117281
