accuracy,precison,recall,f1-score
0.859375,0.8600030106879422,0.859375,0.858277488210474
