accuracy,precison,recall,f1-score
0.83125,0.8369573490369501,0.8312499999999999,0.8313443159747654
