accuracy,precison,recall,f1-score
0.8625,0.8669231395538186,0.8625,0.8616084624716434
