accuracy,precison,recall,f1-score
0.853125,0.8550677038317488,0.853125,0.8531974166487468
