accuracy,precison,recall,f1-score
0.8525,0.8527241335325701,0.8525,0.8525269991858639
