accuracy,precison,recall,f1-score
0.825,0.8270005100384847,0.8250000000000001,0.8246874032311454
