accuracy,precison,recall,f1-score
0.8625,0.86525655353207,0.8625,0.8630092893279104
