accuracy,precison,recall,f1-score
0.89375,0.8979200666394669,0.89375,0.8944655138773718
