accuracy,precison,recall,f1-score
0.825,0.838571664261095,0.825,0.8267774431836907
