accuracy,precison,recall,f1-score
0.809375,0.8124176665843332,0.809375,0.8100469524936431
