accuracy,precison,recall,f1-score
0.843125,0.8468407183541934,0.8431250000000001,0.8436368023222924
