accuracy,precison,recall,f1-score
0.8375,0.8454027707452365,0.8375,0.8376497673062105
