accuracy,precison,recall,f1-score
0.83125,0.8394852783150656,0.83125,0.83103039838614
