accuracy,precison,recall,f1-score
0.865625,0.8670090726032832,0.8656250000000001,0.8654032228052547
