accuracy,precison,recall,f1-score
0.884375,0.8846280751768556,0.884375,0.8841753500691412
