accuracy,precison,recall,f1-score
0.84375,0.8477947769433811,0.84375,0.844589306146788
