accuracy,precison,recall,f1-score
0.8525,0.8547896714382983,0.8525,0.8529130602768257
