accuracy,precison,recall,f1-score
0.859375,0.8600847069597068,0.859375,0.8595351574560048
