accuracy,precison,recall,f1-score
0.86875,0.876468182856868,0.86875,0.8686689221143002
