accuracy,precison,recall,f1-score
0.85,0.8532870429551983,0.8500000000000001,0.8505840329045052
