accuracy,precison,recall,f1-score
0.86875,0.8710379526093911,0.8687499999999999,0.8688308949795437
