accuracy,precison,recall,f1-score
0.846875,0.8491025918552507,0.846875,0.8469990028402498
