accuracy,precison,recall,f1-score
0.85875,0.8599905613791697,0.85875,0.8589661316493905
