accuracy,precison,recall,f1-score
0.871875,0.8740334402625983,0.8718750000000001,0.8723951406466743
