accuracy,precison,recall,f1-score
0.859375,0.8601455275197171,0.859375,0.8596059204659934
