accuracy,precison,recall,f1-score
0.825,0.8312461264236168,0.825,0.8266510008413646
