accuracy,precison,recall,f1-score
0.9125,0.9136325708238359,0.9125000000000001,0.9125679726715004
