accuracy,precison,recall,f1-score
0.85,0.849430114638448,0.8500000000000001,0.8493660998333586
