accuracy,precison,recall,f1-score
0.86375,0.8645477174935995,0.86375,0.8639972242380902
