accuracy,precison,recall,f1-score
0.015032679738562092,0.004872991474306167,0.015032679738562092,0.006206434242733414
