accuracy,precison,recall,f1-score
0.013071895424836602,0.007678355564046502,0.013071895424836603,0.007424395857443192
