accuracy,precison,recall,f1-score
0.8375,0.8374166180391079,0.8374999999999999,0.8373136995664184
