accuracy,precison,recall,f1-score
0.85625,0.8607755268392636,0.8562500000000001,0.8562466583291692
