accuracy,precison,recall,f1-score
0.875,0.8759128059692121,0.8749999999999999,0.8745166161426934
