accuracy,precison,recall,f1-score
0.825,0.8357760862686103,0.825,0.8250511231944739
