accuracy,precison,recall,f1-score
0.86875,0.8715815273477812,0.8687499999999999,0.8694658410039999
