accuracy,precison,recall,f1-score
0.8525,0.8542999798904849,0.8525,0.8528138415883457
