accuracy,precison,recall,f1-score
0.85625,0.8570378058597153,0.85625,0.8557617448669461
