accuracy,precison,recall,f1-score
0.859375,0.8600702463191949,0.859375,0.8588983526560602
