accuracy,precison,recall,f1-score
0.85,0.8510000365078907,0.85,0.8499589660074303
