accuracy,precison,recall,f1-score
0.875,0.8754548230595364,0.875,0.875142962339184
