accuracy,precison,recall,f1-score
0.878125,0.8781754510921177,0.8781249999999999,0.8780982191996225
