accuracy,precison,recall,f1-score
0.86375,0.8637087708530932,0.86375,0.8635755492638156
