accuracy,precison,recall,f1-score
0.871875,0.8740611250785669,0.8718750000000001,0.8723605460804256
