accuracy,precison,recall,f1-score
0.85,0.8507354739096312,0.85,0.8493561619664022
