accuracy,precison,recall,f1-score
0.8125,0.8157050823732783,0.8125000000000001,0.8123754447953684
