accuracy,precison,recall,f1-score
0.853125,0.8593005513775507,0.8531249999999999,0.8545076044063898
