accuracy,precison,recall,f1-score
0.80625,0.8145749240953963,0.8062499999999999,0.8066717522487183
