accuracy,precison,recall,f1-score
0.83875,0.8415678396286872,0.83875,0.8390437473353256
