accuracy,precison,recall,f1-score
0.8625,0.8636619022817947,0.8624999999999999,0.8623964316366277
