accuracy,precison,recall,f1-score
0.88125,0.8822147515162222,0.8812500000000001,0.8811823593073593
