accuracy,precison,recall,f1-score
0.8625,0.8648250484482591,0.8625,0.8621501002032952
