accuracy,precison,recall,f1-score
0.8625,0.8635994316742035,0.8625,0.8626466453560053
