accuracy,precison,recall,f1-score
0.85,0.8571117186331583,0.85,0.8505675316452822
