accuracy,precison,recall,f1-score
0.86375,0.8645722849443358,0.86375,0.8638537036309223
