accuracy,precison,recall,f1-score
0.21024993352831695,0.05027498619274116,0.041298915959357814,0.025279612636174134
