accuracy,precison,recall,f1-score
0.20692634937516619,0.05499983347461068,0.04236505240352384,0.02783090833584695
