accuracy,precison,recall,f1-score
0.21069633883704236,0.052528450545029005,0.04247526223657584,0.027132479203997275
