accuracy,precison,recall,f1-score
0.859375,0.8651012166187086,0.8593749999999999,0.8600801651217799
