accuracy,precison,recall,f1-score
0.83125,0.8347578347578347,0.83125,0.8312299736683482
