accuracy,precison,recall,f1-score
0.85625,0.8571931575898745,0.8562500000000001,0.855702828069715
