accuracy,precison,recall,f1-score
0.884375,0.8847951235360307,0.8843750000000001,0.8843890275049695
