accuracy,precison,recall,f1-score
0.85625,0.8610962457083147,0.85625,0.8566438321513654
