accuracy,precison,recall,f1-score
0.8575,0.8591926866137634,0.8575,0.8579744954779608
