accuracy,precison,recall,f1-score
0.890625,0.8922416719541342,0.890625,0.8899482054930639
