accuracy,precison,recall,f1-score
0.85625,0.8563860738924433,0.8562500000000001,0.8556455838711866
