accuracy,precison,recall,f1-score
0.846875,0.8522421049069949,0.846875,0.8482666511464922
