accuracy,precison,recall,f1-score
0.85625,0.8595643939393939,0.85625,0.8568374060150377
