accuracy,precison,recall,f1-score
0.85625,0.858145247120615,0.85625,0.8552660977015456
