accuracy,precison,recall,f1-score
0.878125,0.8813137932565643,0.878125,0.8785957701181331
