accuracy,precison,recall,f1-score
0.875,0.8760311824637234,0.875,0.875117481241763
