accuracy,precison,recall,f1-score
0.8625,0.8638430247810036,0.8624999999999999,0.8627725554670551
