accuracy,precison,recall,f1-score
0.865625,0.8666139425426574,0.865625,0.8653101949504525
