accuracy,precison,recall,f1-score
0.84375,0.844854076593929,0.84375,0.8428102213489573
