accuracy,precison,recall,f1-score
0.875,0.8763918994695862,0.875,0.8752492508241536
