accuracy,precison,recall,f1-score
0.8625,0.8650855389574166,0.8624999999999999,0.8629787789450357
