accuracy,precison,recall,f1-score
0.828125,0.8311664370796532,0.828125,0.8283489513609996
