accuracy,precison,recall,f1-score
0.855,0.8551466745464709,0.855,0.8549339615973979
