accuracy,precison,recall,f1-score
0.86875,0.8722439987519658,0.8687499999999999,0.8686220200487955
