accuracy,precison,recall,f1-score
0.809375,0.8144142487448776,0.8093750000000001,0.8090853540743235
