accuracy,precison,recall,f1-score
0.853125,0.8553605518091368,0.853125,0.8535057450598871
