accuracy,precison,recall,f1-score
0.871875,0.8713922475991441,0.871875,0.8709337106574434
