accuracy,precison,recall,f1-score
0.85,0.8560510379222126,0.85,0.8505399003284736
