accuracy,precison,recall,f1-score
0.850625,0.851791881409158,0.850625,0.8509897352797625
