accuracy,precison,recall,f1-score
0.8375,0.8386647992530346,0.8374999999999999,0.8360243804266574
