accuracy,precison,recall,f1-score
0.8625,0.8631006029125948,0.8625,0.862678373925547
