accuracy,precison,recall,f1-score
0.79375,0.7979527417027418,0.79375,0.7932821023146102
