accuracy,precison,recall,f1-score
0.790625,0.7992774224117507,0.7906249999999999,0.7909406868465638
