accuracy,precison,recall,f1-score
0.878125,0.881070326378774,0.878125,0.8773338376083196
