accuracy,precison,recall,f1-score
0.8325,0.8347282682676307,0.8325,0.8326851171687036
