accuracy,precison,recall,f1-score
0.865625,0.8676091957927958,0.865625,0.8650891406709631
