accuracy,precison,recall,f1-score
0.865625,0.8662816675660774,0.8656249999999999,0.8658388276865339
