accuracy,precison,recall,f1-score
0.86875,0.8704094305629393,0.8687500000000001,0.8687102810700286
