accuracy,precison,recall,f1-score
0.85,0.8516630225932551,0.85,0.8503013980907589
