accuracy,precison,recall,f1-score
0.878125,0.8799374032829914,0.878125,0.8787284708122912
