accuracy,precison,recall,f1-score
0.865625,0.8669077701355662,0.865625,0.8658238511692057
