accuracy,precison,recall,f1-score
0.85625,0.8577759789363691,0.85625,0.8564182481435952
