accuracy,precison,recall,f1-score
0.8625,0.8627657911194496,0.8625,0.862566416627598
