accuracy,precison,recall,f1-score
0.846875,0.8492623246463931,0.846875,0.8470005323512066
