accuracy,precison,recall,f1-score
0.884375,0.8871511376161235,0.884375,0.8849280605455755
