accuracy,precison,recall,f1-score
0.85,0.8524778013665267,0.85,0.8508517434230296
