accuracy,precison,recall,f1-score
0.86,0.8608108162979733,0.86,0.8601873053164997
