accuracy,precison,recall,f1-score
0.84375,0.8469601356314742,0.8437499999999999,0.8443528643914864
