accuracy,precison,recall,f1-score
0.853125,0.859425885512842,0.853125,0.8538663680807753
