accuracy,precison,recall,f1-score
0.853125,0.8545804559702224,0.853125,0.8535224994685958
