accuracy,precison,recall,f1-score
0.859375,0.8651626690629248,0.859375,0.8595638090643554
