accuracy,precison,recall,f1-score
0.85,0.8519342772320195,0.8500000000000001,0.8499040793576209
