accuracy,precison,recall,f1-score
0.851875,0.853445167833101,0.851875,0.852276383081844
