accuracy,precison,recall,f1-score
0.014052287581699347,0.006392695329428223,0.014052287581699347,0.006769629780087658
