accuracy,precison,recall,f1-score
0.859375,0.8620307859158748,0.859375,0.859674643273555
