accuracy,precison,recall,f1-score
0.86875,0.8705396193384103,0.8687499999999999,0.8689865130674945
