accuracy,precison,recall,f1-score
0.85625,0.8587836288985714,0.85625,0.85678882034657
