accuracy,precison,recall,f1-score
0.853125,0.8548084614882293,0.8531249999999999,0.8531969907158261
