accuracy,precison,recall,f1-score
0.8625,0.8630885460509103,0.8625,0.8618251279986129
