accuracy,precison,recall,f1-score
0.86,0.8607807156552292,0.8599999999999999,0.8601102937659683
