accuracy,precison,recall,f1-score
0.8375,0.838480041021787,0.8375,0.8377721116351418
