accuracy,precison,recall,f1-score
0.865625,0.8681148169218855,0.865625,0.8656268178960296
