accuracy,precison,recall,f1-score
0.840625,0.8420257037601222,0.840625,0.8407917451276279
