accuracy,precison,recall,f1-score
0.8875,0.8932300049085959,0.8875,0.8887547052163678
