accuracy,precison,recall,f1-score
0.853125,0.8549531344791332,0.853125,0.8536203859339326
