accuracy,precison,recall,f1-score
0.856875,0.8579136206340925,0.856875,0.8571809506193122
