accuracy,precison,recall,f1-score
0.84375,0.8453272573186503,0.84375,0.8442050677310111
