accuracy,precison,recall,f1-score
0.88125,0.883769587919467,0.8812500000000001,0.8816728936936699
