accuracy,precison,recall,f1-score
0.85625,0.8570116974772493,0.85625,0.8560626446029511
