accuracy,precison,recall,f1-score
0.846875,0.8485351720517951,0.846875,0.8465916912541862
