accuracy,precison,recall,f1-score
0.834375,0.8350277554049533,0.834375,0.8340482869612044
