accuracy,precison,recall,f1-score
0.8525,0.8534337999170026,0.8525,0.8525697651287019
