accuracy,precison,recall,f1-score
0.89375,0.898519426013032,0.89375,0.894156561304637
