accuracy,precison,recall,f1-score
0.865625,0.8674277866583284,0.865625,0.8649643093622366
