accuracy,precison,recall,f1-score
0.796875,0.8050889999827893,0.796875,0.7972494476456907
