accuracy,precison,recall,f1-score
0.875,0.8757040791536915,0.875,0.8747986256304507
