accuracy,precison,recall,f1-score
0.81875,0.822722381635581,0.81875,0.8188843605510272
