accuracy,precison,recall,f1-score
0.85,0.8522033308084236,0.8500000000000001,0.8501990508641353
