accuracy,precison,recall,f1-score
0.85625,0.8562584051879012,0.85625,0.8551241402648837
