accuracy,precison,recall,f1-score
0.821875,0.8271775095014532,0.8218749999999999,0.8227480394046938
