accuracy,precison,recall,f1-score
0.859375,0.864445925557632,0.859375,0.8585135799638842
