accuracy,precison,recall,f1-score
0.86875,0.8731462793962794,0.86875,0.8696745327842889
