accuracy,precison,recall,f1-score
0.84375,0.8438465230072012,0.84375,0.8424478014975856
