accuracy,precison,recall,f1-score
0.85,0.8502448292647493,0.8500000000000001,0.8500503457887207
